Country,Year,"Death rates per 100,000",GDP per capita,Population,Continent,,
Afghanistan,2000,531.4,502.37,20779957,Asia,,
Afghanistan,2005,500.1,964.41,25654274,Asia,,
Afghanistan,2010,463.6,1627.67,29185511,Asia,,
Afghanistan,2015,427.3,1928,34413603,Asia,,
Albania,2000,120.2,4808.48,3129246,Europe,,
Albania,2005,94.3,6858.47,3086810,Europe,,
Albania,2010,70.8,9222.97,2948029,Europe,,
Albania,2015,62.5,10032,2890524,Europe,,
Algeria,2000,58.3,6834.55,31042238,Africa,,
Algeria,2005,48.9,9969.62,33149720,Africa,,
Algeria,2010,42.4,12587.74,35977451,Africa,,
Algeria,2015,47.4,14004,39728020,Africa,,
Angola,2000,329.3,2013.64,16395476,Africa,,
Angola,2005,287.1,3708.77,19433604,Africa,,
Angola,2010,260.6,7520.67,23356247,Africa,,
Angola,2015,249.3,8689,27884380,Africa,,
Argentina,2000,47.9,14368.94,36870796,South America,,
Argentina,2005,42.8,15344.16,38892924,South America,,
Argentina,2010,39.5,18979.99,40895751,South America,,
Argentina,2015,36,19502,43075416,South America,,
Armenia,2000,123.8,5139.83,3069597,Europe,,
Armenia,2005,89.5,8006.96,2981262,Europe,,
Armenia,2010,77.7,8330.81,2877314,Europe,,
Armenia,2015,67.4,10042,2925559,Europe,,
Australia,2000,15.9,36603.05,18991434,Oceania,,
Australia,2005,12.4,41904.45,20178543,Oceania,,
Australia,2010,9.2,45400.22,22154687,Oceania,,
Australia,2015,9,48357,23932499,Oceania,,
Austria,2000,35.6,34796.26,8069276,Europe,,
Austria,2005,27.7,37642.76,8253656,Europe,,
Austria,2010,24.1,40288.35,8409945,Europe,,
Austria,2015,23.8,41294,8678667,Europe,,
Azerbaijan,2000,181,4214.89,8122743,Europe,,
Azerbaijan,2005,130.8,7553.63,8538610,Europe,,
Azerbaijan,2010,120.3,16153.84,9032465,Europe,,
Azerbaijan,2015,96.2,17460,9622741,Europe,,
Bahrain,2000,89.6,17021.72,664610,Asia,,
Bahrain,2005,69.3,25230.9,889157,Asia,,
Bahrain,2010,53.8,34057.71,1240864,Asia,,
Bahrain,2015,48.5,40483,1371853,Asia,,
Bangladesh,2000,237.5,1485.31,127657862,Asia,,
Bangladesh,2005,245.5,1925.61,139035505,Asia,,
Bangladesh,2010,243.3,2599.21,147575433,Asia,,
Bangladesh,2015,229.3,3402,156256287,Asia,,
Barbados,2000,36.6,12600.02,271511,North America,,
Barbados,2005,30,12379.45,276320,North America,,
Barbados,2010,26.6,11954.32,282131,North America,,
Barbados,2015,26.8,11849,285327,North America,,
Belarus,2000,122.7,9110.98,9871635,Europe,,
Belarus,2005,102.8,12629.56,9562083,Europe,,
Belarus,2010,89.3,17172.46,9420576,Europe,,
Belarus,2015,84.1,18136,9439424,Europe,,
Belgium,2000,38.5,33719.77,10282046,Europe,,
Belgium,2005,31.3,36338.38,10546885,Europe,,
Belgium,2010,27.4,37739.33,10938735,Europe,,
Belgium,2015,25.9,38569,11287931,Europe,,
Benin,2000,272.5,1908.94,6865946,Africa,,
Benin,2005,258.6,1875.92,7982223,Africa,,
Benin,2010,255.2,1854.67,9199254,Africa,,
Benin,2015,246.2,2055,10575962,Africa,,
Bolivia,2000,121.5,4173.55,8418270,South America,,
Bolivia,2005,113.9,4445.35,9232301,South America,,
Bolivia,2010,91.9,5141.76,10048597,South America,,
Bolivia,2015,79.2,6200,10869732,South America,,
Bosnia and Herzegovina,2000,125.9,7082.04,3751176,Europe,,
Bosnia and Herzegovina,2005,95.9,8057.68,3765332,Europe,,
Bosnia and Herzegovina,2010,89,8982.46,3705478,Europe,,
Bosnia and Herzegovina,2015,82.3,9495,3429362,Europe,,
Botswana,2000,245.9,8044.14,1643333,Africa,,
Botswana,2005,229.7,9798.09,1799077,Africa,,
Botswana,2010,181.2,12544.73,1987106,Africa,,
Botswana,2015,148.9,14805,2120716,Africa,,
Brazil,2000,82.5,9834.42,174790339,South America,,
Brazil,2005,61,11305.77,186127108,South America,,
Brazil,2010,44.9,14215.61,195713637,South America,,
Brazil,2015,42,15826,204471759,South America,,
Bulgaria,2000,121.5,8410.8,7997951,Europe,,
Bulgaria,2005,96.9,11758.08,7686964,Europe,,
Bulgaria,2010,87.2,14686.46,7425011,Europe,,
Bulgaria,2015,79.6,16373,7199739,Europe,,
Burkina Faso,2000,247.1,1275.48,11607951,Africa,,
Burkina Faso,2005,226.8,1309.98,13421935,Africa,,
Burkina Faso,2010,216.4,1326.2,15605211,Africa,,
Burkina Faso,2015,209.3,1450,18110616,Africa,,
Burundi,2000,349.8,739.76,6378871,Africa,,
Burundi,2005,263.7,691.62,7364857,Africa,,
Burundi,2010,221,717.61,8675606,Africa,,
Burundi,2015,228.3,694,10160034,Africa,,
Cambodia,2000,247.4,1659.09,12155241,Asia,,
Cambodia,2005,222.8,2144.85,13273355,Asia,,
Cambodia,2010,191.3,2426.69,14312205,Asia,,
Cambodia,2015,171.8,3086,15521435,Asia,,
Cameroon,2000,295.7,1961.09,15513944,Africa,,
Cameroon,2005,276.7,2222.91,17733408,Africa,,
Cameroon,2010,250.8,2420.13,20341236,Africa,,
Cameroon,2015,233.3,2778,23298376,Africa,,
Canada,2000,19.7,36942.56,30588379,North America,,
Canada,2005,17.1,40485.02,32164313,North America,,
Canada,2010,13.3,41209.43,34147566,North America,,
Canada,2015,12.9,43619,36026668,North America,,
Cape Verde,2000,176.4,3583.59,428178,Africa,,
Cape Verde,2005,152.6,4659.4,463034,Africa,,
Cape Verde,2010,128.8,6033.72,492644,Africa,,
Cape Verde,2015,110.9,6266,524740,Africa,,
Central African Republic,2000,410.2,963.95,3640421,Africa,,
Central African Republic,2005,401.1,858.52,4038380,Africa,,
Central African Republic,2010,393.4,910.31,4386765,Africa,,
Central African Republic,2015,391.4,576,4493171,Africa,,
Chad,2000,289.9,716.04,8355654,Africa,,
Chad,2005,277.2,1266.11,10096630,Africa,,
Chad,2010,274.5,1720.33,11952134,Africa,,
Chad,2015,260.7,2384,14110971,Africa,,
Chile,2000,44.6,15211.62,15342350,South America,,
Chile,2005,37.4,17137.49,16182713,South America,,
Chile,2010,33.2,18909.85,17062531,South America,,
Chile,2015,30.1,21589,17969356,South America,,
China,2000,221.9,4730.35,1290550767,Asia,,
China,2005,197.2,6626.59,1330776380,Asia,,
China,2010,151,9658.42,1368810604,Asia,,
China,2015,121,12244,1406847868,Asia,,
Colombia,2000,66.3,8496.79,39629965,South America,,
Colombia,2005,62.5,9524.72,42647731,South America,,
Colombia,2010,53.4,11191.69,45222699,South America,,
Colombia,2015,43.7,13218,47520667,South America,,
Comoros,2000,212.7,1204.4,542358,Africa,,
Comoros,2005,165.2,1265.69,611625,Africa,,
Comoros,2010,151.5,1432.56,689696,Africa,,
Comoros,2015,152.5,1696,777435,Africa,,
Congo,2000,363.5,4159.22,3127420,Africa,,
Congo,2005,298.5,4820.71,3622775,Africa,,
Congo,2010,270.5,5738.16,4273738,Africa,,
Congo,2015,252.7,6272,4856093,Africa,,
Costa Rica,2000,45.8,9319.77,3962369,North America,,
Costa Rica,2005,35,10308.37,4285504,North America,,
Costa Rica,2010,25,12031.57,4577371,North America,,
Costa Rica,2015,26.4,13677,4847805,North America,,
Cote d'Ivoire,2000,294.8,2352.86,16454660,Africa,,
Cote d'Ivoire,2005,264,2312.84,18354513,Africa,,
Cote d'Ivoire,2010,241.1,2555.02,20532944,Africa,,
Cote d'Ivoire,2015,226.9,3218,23226148,Africa,,
Croatia,2000,84.2,13244.54,4428075,Europe,,
Croatia,2005,64.8,17581.36,4378066,Europe,,
Croatia,2010,55.2,19511.35,4328163,Europe,,
Croatia,2015,52.2,19698,4232874,Europe,,
Cuba,2000,82,4009.34,11126423,North America,,
Cuba,2005,59.9,4713.71,11261586,North America,,
Cuba,2010,42.8,6578.19,11225833,North America,,
Cuba,2015,43.5,7889,11324777,North America,,
Cyprus,2000,38.4,22326.8,943288,Europe,,
Cyprus,2005,28.4,26164.21,1027656,Europe,,
Cyprus,2010,24.6,27630.1,1112617,Europe,,
Cyprus,2015,22.5,24963,1160987,Europe,,
Czechia,2000,67.3,17056.16,10289374,Europe,,
Czechia,2005,54.1,22128.58,10258165,Europe,,
Czechia,2010,48.4,25922.39,10536514,Europe,,
Czechia,2015,44.6,28194,10601390,Europe,,
Denmark,2000,32.6,39021.18,5341192,Europe,,
Denmark,2005,26.6,42264.63,5421701,Europe,,
Denmark,2010,24,42932.4,5554849,Europe,,
Denmark,2015,22.6,44635,5688695,Europe,,
Djibouti,2000,138.9,1881,717577,Africa,,
Djibouti,2005,136,2126.81,783248,Africa,,
Djibouti,2010,133,2543.87,840194,Africa,,
Djibouti,2015,133.8,2941,913998,Africa,,
Dominica,2000,51.3,5696.96,69650,North America,,
Dominica,2005,43.1,6697.53,70580,North America,,
Dominica,2010,37.4,8768.48,70877,North America,,
Dominica,2015,35.4,9319,71175,North America,,
Dominican Republic,2000,63.1,6788.08,8471317,North America,,
Dominican Republic,2005,58.2,8156.43,9097262,North America,,
Dominican Republic,2010,56.4,11276.46,9695117,North America,,
Dominican Republic,2015,52.3,13762,10281675,North America,,
Ecuador,2000,55.8,6908.24,12681123,South America,,
Ecuador,2005,45.7,8256.78,13825839,South America,,
Ecuador,2010,34.6,9327.21,15011114,South America,,
Ecuador,2015,29.9,10905,16212022,South America,,
Egypt,2000,114.7,6593.53,68831561,Africa,,
Egypt,2005,115.9,8021.88,75523576,Africa,,
Egypt,2010,122,10719.29,82761244,Africa,,
Egypt,2015,115,11159,92442549,Africa,,
El Salvador,2000,90.3,5403.71,5887930,North America,,
El Salvador,2005,75.4,6441.5,6052124,North America,,
El Salvador,2010,60.1,7351.11,6183877,North America,,
El Salvador,2015,56.2,8109,6325121,North America,,
Equatorial Guinea,2000,319.5,12914.85,606180,Africa,,
Equatorial Guinea,2005,246.6,35569.71,749527,Africa,,
Equatorial Guinea,2010,226.9,42037.9,943640,Africa,,
Equatorial Guinea,2015,214.5,37822,1168575,Africa,,
Estonia,2000,81.4,16806.97,1399111,Europe,,
Estonia,2005,58.3,22518.54,1355650,Europe,,
Estonia,2010,35.7,20713.43,1332103,Europe,,
Estonia,2015,33,24493,1315330,Europe,,
Eswatini,2000,279.2,4894.52,1005432,Africa,,
Eswatini,2005,337.6,5867.23,1030575,Africa,,
Eswatini,2010,297,7192.75,1064841,Africa,,
Eswatini,2015,251.8,7969,1104038,Africa,,
Ethiopia,2000,263.2,771.73,66224808,Africa,,
Ethiopia,2005,231.3,829.24,76346310,Africa,,
Ethiopia,2010,192.1,1106.38,87639962,Africa,,
Ethiopia,2015,181.4,1553,100835453,Africa,,
Finland,2000,22,32689.77,5187953,Europe,,
Finland,2005,16.9,36787.26,5258933,Europe,,
Finland,2010,15,37615.11,5365784,Europe,,
Finland,2015,14.2,36836,5481128,Europe,,
France,2000,22.1,33409.68,59015092,Europe,,
France,2005,17.6,35495.46,61120128,Europe,,
France,2010,15.5,36086.73,62879535,Europe,,
France,2015,15.4,36827,64453194,Europe,,
Gabon,2000,211.8,10637.8,1228359,Africa,,
Gabon,2005,169.1,12437.96,1390550,Africa,,
Gabon,2010,126.4,14926.7,1624146,Africa,,
Gabon,2015,114.8,18389,1947690,Africa,,
Gambia,2000,231.8,1440.86,1317708,Africa,,
Gambia,2005,218.9,1541.61,1543745,Africa,,
Gambia,2010,209,1772.73,1793199,Africa,,
Gambia,2015,201.1,1786,2085860,Africa,,
Georgia,2000,155.7,4891.66,4362184,Europe,,
Georgia,2005,145.3,6849.79,4210158,Europe,,
Georgia,2010,122.8,8443.44,4099095,Europe,,
Georgia,2015,105.3,10603,4024180,Europe,,
Germany,2000,34.7,33367.28,81400883,Europe,,
Germany,2005,27.9,36205.58,81602739,Europe,,
Germany,2010,24.8,41109.58,80827001,Europe,,
Germany,2015,23.8,44293,81787411,Europe,,
Ghana,2000,252.8,2100.29,19278850,Africa,,
Ghana,2005,242.6,2411.29,21814648,Africa,,
Ghana,2010,224.1,2946.04,24779614,Africa,,
Ghana,2015,204.9,3809,27849203,Africa,,
Greece,2000,34.7,20965.33,11082103,Europe,,
Greece,2005,29.1,26091.52,11224800,Europe,,
Greece,2010,27.8,26517.47,10887640,Europe,,
Greece,2015,29.1,22442,10659737,Europe,,
Guatemala,2000,144,5860.27,11650744,North America,,
Guatemala,2005,121.6,6130.48,13096028,North America,,
Guatemala,2010,100.3,6526.46,14630420,North America,,
Guatemala,2015,89.3,7138,16252425,North America,,
Guinea,2000,274.3,1046.57,8240735,Africa,,
Guinea,2005,258.3,1186.6,9109585,Africa,,
Guinea,2010,262.6,1291.7,10192168,Africa,,
Guinea,2015,258.7,1364,11432096,Africa,,
Guinea-Bissau,2000,302.2,1230.64,1201305,Africa,,
Guinea-Bissau,2005,301.9,1226.56,1344931,Africa,,
Guinea-Bissau,2010,304,1329.37,1522603,Africa,,
Guinea-Bissau,2015,290.3,1393,1737207,Africa,,
Haiti,2000,237.6,1520.73,8463802,North America,,
Haiti,2005,224.4,1461.8,9195289,North America,,
Haiti,2010,212.4,1556.55,9949318,North America,,
Haiti,2015,201.7,1742,10695540,North America,,
Honduras,2000,157.2,3335.72,6574510,North America,,
Honduras,2005,147.7,3851.06,7458982,North America,,
Honduras,2010,128.2,4305.89,8317467,North America,,
Honduras,2015,116.9,4706,9112904,North America,,
Hungary,2000,95.8,13129.27,10220509,Europe,,
Hungary,2005,80.4,18140.62,10085942,Europe,,
Hungary,2010,71,20036.33,9927380,Europe,,
Hungary,2015,57.4,22788,9777925,Europe,,
Iceland,2000,19.6,33108.29,280439,Europe,,
Iceland,2005,16.1,37884.06,294976,Europe,,
Iceland,2010,13.7,36272.69,320342,Europe,,
Iceland,2015,12.7,39727,330237,Europe,,
India,2000,287.9,2753.09,1056575548,Asia,,
India,2005,259.8,3396.65,1147609924,Asia,,
India,2010,241.5,4525.75,1234281163,Asia,,
India,2015,223.1,5794,1310152392,Asia,,
Indonesia,2000,116.2,5384.39,211513822,Asia,,
Indonesia,2005,111.5,6482.01,226289468,Asia,,
Indonesia,2010,99.2,8386.43,241834226,Asia,,
Indonesia,2015,82.5,10484,258383257,Asia,,
Iran,2000,86.7,9104.76,65623397,Asia,,
Iran,2005,80.9,13110.14,69762345,Asia,,
Iran,2010,80.2,17751.33,73762519,Asia,,
Iran,2015,73.6,16253,78492208,Asia,,
Iraq,2000,141.6,3649.49,23497589,Asia,,
Iraq,2005,141.1,6441.41,26922279,Asia,,
Iraq,2010,147.8,10274.33,29741977,Asia,,
Iraq,2015,113.8,13014,35572269,Asia,,
Ireland,2000,31.1,38806.5,3783095,Europe,,
Ireland,2005,23.7,49223.38,4141218,Europe,,
Ireland,2010,20.1,48623.81,4554330,Europe,,
Ireland,2015,20,54278,4652420,Europe,,
Israel,2000,31.1,26058.84,5945949,Europe,,
Israel,2005,26.1,25686.41,6529470,Europe,,
Israel,2010,21.9,28575.53,7346446,Europe,,
Israel,2015,23.4,30954,7978496,Europe,,
Italy,2000,28.3,32716.98,56692178,Europe,,
Italy,2005,23,34872.13,58281209,Europe,,
Italy,2010,20.5,34765.94,59325232,Europe,,
Italy,2015,23.6,33118,60578489,Europe,,
Jamaica,2000,56.2,6531.28,2654698,North America,,
Jamaica,2005,45.5,7073.77,2740000,North America,,
Jamaica,2010,40.5,7025.93,2810464,North America,,
Jamaica,2015,42,7024,2891024,North America,,
Japan,2000,20.7,33210.81,127524168,Asia,,
Japan,2005,19.6,34857.76,128326115,Asia,,
Japan,2010,17.2,35011.4,128542349,Asia,,
Japan,2015,17.3,37031,127985139,Asia,,
Jordan,2000,66.6,7621.84,5122495,Asia,,
Jordan,2005,59,9860.81,5765639,Asia,,
Jordan,2010,44.7,11601.09,7261541,Asia,,
Jordan,2015,43.7,11519,9266573,Asia,,
Kazakhstan,2000,162.6,9309.42,14922724,Asia,,
Kazakhstan,2005,142.6,15233.84,15402803,Asia,,
Kazakhstan,2010,106.1,19964.53,16252273,Asia,,
Kazakhstan,2015,95.8,23850,17572010,Asia,,
Kenya,2000,149.7,1914.89,31964557,Africa,,
Kenya,2005,139.4,2157.84,36624897,Africa,,
Kenya,2010,134.4,2579.53,42030684,Africa,,
Kenya,2015,129,3046,47878339,Africa,,
Kuwait,2000,65.8,35844.75,2045123,Asia,,
Kuwait,2005,68.1,62959.6,2270196,Asia,,
Kuwait,2010,76.7,68865.31,2991884,Asia,,
Kuwait,2015,55.2,71354,3835588,Asia,,
Kyrgyzstan,2000,203.8,3246.38,4920712,Asia,,
Kyrgyzstan,2005,186.9,3554.19,5075340,Asia,,
Kyrgyzstan,2010,161.8,3977.65,5422298,Asia,,
Kyrgyzstan,2015,133.5,4754,5959126,Asia,,
Laos,2000,280,2262.24,5323701,Asia,,
Laos,2005,247.2,2948.7,5751675,Asia,,
Laos,2010,212.7,4114.01,6249168,Asia,,
Laos,2015,191.1,5559,6741160,Asia,,
Latvia,2000,97.1,11309.74,2384150,Europe,,
Latvia,2005,85.5,17069.66,2251996,Europe,,
Latvia,2010,64.9,17140.23,2118855,Europe,,
Latvia,2015,59.3,21488,1997675,Europe,,
Lebanon,2000,51.9,7405.71,3842774,Asia,,
Lebanon,2005,46.3,9933.08,4698761,Asia,,
Lebanon,2010,47.3,15622.37,4953064,Asia,,
Lebanon,2015,46,12953,6532681,Asia,,
Lesotho,2000,239.8,1967.43,2032805,Africa,,
Lesotho,2005,308.3,2013.81,1996115,Africa,,
Lesotho,2010,288.7,2313.88,1995575,Africa,,
Lesotho,2015,275.9,2710,2059011,Africa,,
Liberia,2000,189.9,971.93,2848447,Africa,,
Liberia,2005,188.4,755.22,3218114,Africa,,
Liberia,2010,192.1,854.24,3891357,Africa,,
Liberia,2015,177.1,865,4472229,Africa,,
Libya,2000,72.8,9770.98,5357893,Africa,,
Libya,2005,70.4,16538.56,5798615,Africa,,
Libya,2010,72.9,29157.14,6197667,Africa,,
Libya,2015,82,8514,6418315,Africa,,
Lithuania,2000,85.6,10806.87,3501842,Europe,,
Lithuania,2005,77.1,16417.95,3344259,Europe,,
Lithuania,2010,63.8,18663.76,3123825,Europe,,
Lithuania,2015,55.6,23889,2931872,Europe,,
Luxembourg,2000,34.9,50063.82,436106,Europe,,
Luxembourg,2005,28.4,53262.09,457848,Europe,,
Luxembourg,2010,23.3,54086.34,507890,Europe,,
Luxembourg,2015,20.9,55972,566741,Europe,,
Madagascar,2000,273.1,1238.78,15766806,Africa,,
Madagascar,2005,259.3,1276.49,18336722,Africa,,
Madagascar,2010,249.2,1349.62,21151640,Africa,,
Madagascar,2015,246.9,1360,24234080,Africa,,
Malawi,2000,245.9,967.09,11148751,Africa,,
Malawi,2005,212,920.05,12625950,Africa,,
Malawi,2010,182.5,1091.59,14539609,Africa,,
Malawi,2015,167.8,1124,16745305,Africa,,
Malaysia,2000,65.8,13474.7,23194252,Asia,,
Malaysia,2005,67.8,15651.12,25690615,Asia,,
Malaysia,2010,57.4,18574.3,28208028,Asia,,
Malaysia,2015,53.5,22432,30270965,Asia,,
Mali,2000,205.4,1153.05,10946448,Africa,,
Mali,2005,180.6,1414.79,12775509,Africa,,
Mali,2010,177.6,1505,15049352,Africa,,
Mali,2015,175.4,1553,17438772,Africa,,
Malta,2000,32.4,20434.55,393649,Europe,,
Malta,2005,24.3,21905.22,404659,Europe,,
Malta,2010,24.7,23632.62,414257,Europe,,
Malta,2015,24.6,28700,433559,Europe,,
Mauritania,2000,215.2,1934.74,2630217,Africa,,
Mauritania,2005,177.6,2371.01,3024198,Africa,,
Mauritania,2010,161.4,2982.75,3494200,Africa,,
Mauritania,2015,157.9,3424,4046304,Africa,,
Mauritius,2000,80.1,14272.3,1185147,Africa,,
Mauritius,2005,61.5,14725.16,1222010,Africa,,
Mauritius,2010,40.8,16269.32,1247953,Africa,,
Mauritius,2015,39.2,18322,1259457,Africa,,
Mexico,2000,55.1,12613.4,98899845,North America,,
Mexico,2005,50.1,13655.8,106005199,North America,,
Mexico,2010,43.6,14697.3,114092961,North America,,
Mexico,2015,42.3,16096,121858251,North America,,
Moldova,2000,168.8,2989.53,4202659,Europe,,
Moldova,2005,125.5,4073.67,4159296,Europe,,
Moldova,2010,103,4615.32,4086090,Europe,,
Moldova,2015,75.6,5775,4070705,Europe,,
Mongolia,2000,253.8,2936.06,2397417,Asia,,
Mongolia,2005,235.3,4822.23,2526429,Asia,,
Mongolia,2010,196,7830.06,2719902,Asia,,
Mongolia,2015,161.8,12398,2998433,Asia,,
Montenegro,2000,118.3,6046.14,613558,Europe,,
Montenegro,2005,96.9,9002.22,616388,Europe,,
Montenegro,2010,90.8,14509.77,624279,Europe,,
Montenegro,2015,86.9,17249,626957,Europe,,
Morocco,2000,56.4,4753.64,28793672,Africa,,
Morocco,2005,49.9,5708.03,30455563,Africa,,
Morocco,2010,45.9,6931.56,32343384,Africa,,
Morocco,2015,46.6,8001,34663608,Africa,,
Mozambique,2000,203.6,1196.01,17711925,Africa,,
Mozambique,2005,190.5,1107.53,20493927,Africa,,
Mozambique,2010,192.1,956.53,23531567,Africa,,
Mozambique,2015,185.8,1103,27042001,Africa,,
Myanmar,2000,220,1843.49,46719698,Asia,,
Myanmar,2005,202.7,2947.1,48949931,Asia,,
Myanmar,2010,178.3,3773,50600827,Asia,,
Myanmar,2015,166.4,5021,52680724,Asia,,
Namibia,2000,306.7,5971.81,1794583,Africa,,
Namibia,2005,258.4,6807.58,1938316,Africa,,
Namibia,2010,181.3,7905.54,2118877,Africa,,
Namibia,2015,154.9,9462,2314901,Africa,,
Nepal,2000,217.2,1676.75,23941099,Asia,,
Nepal,2005,210.5,1836.31,25744500,Asia,,
Nepal,2010,209.6,2152.27,27013207,Asia,,
Nepal,2015,197.2,2455,27015033,Asia,,
Netherlands,2000,37.2,37899.95,318504,Europe,,
Netherlands,2005,29.9,40679.49,318504,Europe,,
Netherlands,2010,25.5,43812.35,318504,Europe,,
Netherlands,2015,24,44869,318504,Europe,,
New Zealand,2000,16.3,26823.02,3858992,Oceania,,
New Zealand,2005,13.2,30270.25,4135353,Oceania,,
New Zealand,2010,9.2,31586.09,4370060,Oceania,,
New Zealand,2015,9,33696,4614527,Oceania,,
Nicaragua,2000,73,2858.53,5069310,North America,,
Nicaragua,2005,72.8,3370.78,5438692,North America,,
Nicaragua,2010,64.6,3916.97,5824058,North America,,
Nicaragua,2015,59.8,4866,6223234,North America,,
Niger,2000,278.1,693.38,11331561,Africa,,
Niger,2005,257.7,757.24,13624474,Africa,,
Niger,2010,245.2,810.16,16464025,Africa,,
Niger,2015,236.8,913,20001663,Africa,,
Nigeria,2000,241.8,2144.83,122283853,Africa,,
Nigeria,2005,213.2,3347.82,138865014,Africa,,
Nigeria,2010,177.9,4904.87,158503203,Africa,,
Nigeria,2015,153.2,5578,181137454,Africa,,
North Korea,2000,202.6,1657.14,22929078,Asia,,
North Korea,2005,197.4,1808.06,23904167,Asia,,
North Korea,2010,184.4,1751.44,24548840,Asia,,
North Korea,2015,169.6,1762.52,25183832,Asia,,
North Macedonia,2000,143.1,8083.79,2034823,Europe,,
North Macedonia,2005,120.4,8984.55,2060280,Europe,,
North Macedonia,2010,107.8,11038.29,2070737,Europe,,
North Macedonia,2015,89.3,12371,2079335,Europe,,
Norway,2000,25.8,54039.96,4499375,Europe,,
Norway,2005,19.5,68108.56,4632359,Europe,,
Norway,2010,17.7,78476.15,4885878,Europe,,
Norway,2015,16.5,82713,5199827,Europe,,
Oman,2000,76.3,24186.37,2267973,Asia,,
Oman,2005,70.2,30392.56,2511254,Asia,,
Oman,2010,71.5,46182.16,3041435,Asia,,
Oman,2015,65.1,38738,4267341,Asia,,
Pakistan,2000,281.6,3154.51,142343583,Asia,,
Pakistan,2005,262.1,3883.93,160304007,Asia,,
Pakistan,2010,236.3,4354.27,179424643,Asia,,
Pakistan,2015,227.9,5030,199426953,Asia,,
Palestine,2000,53.2,5377.39,3224009,Asia,,
Palestine,2005,52.6,4589.63,3577956,Asia,,
Palestine,2010,58.5,4548.53,4055632,Asia,,
Palestine,2015,61.9,5003,4529160,Asia,,
Panama,2000,49.1,9898.79,3030333,North America,,
Panama,2005,43.7,11389.24,3330222,North America,,
Panama,2010,35.3,15169.12,3642691,North America,,
Panama,2015,32.2,20723,3968490,North America,,
Papua New Guinea,2000,306.4,20723,5847590,Oceania,,
Papua New Guinea,2005,295.8,20723,6494902,Oceania,,
Papua New Guinea,2010,272.2,20723,7310512,Oceania,,
Papua New Guinea,2015,256.8,20723,8107772,Oceania,,
Paraguay,2000,102.2,4896.43,5323202,South America,,
Paraguay,2005,97.4,5922.79,5824095,South America,,
Paraguay,2010,85.2,7139.03,6248017,South America,,
Paraguay,2015,71.7,8539,6688746,South America,,
Peru,2000,97.7,6038.24,26459944,South America,,
Peru,2005,89.9,7091.13,27866140,South America,,
Peru,2010,71.3,9507.78,29027680,South America,,
Peru,2015,61.4,11445,30470739,South America,,
Philippines,2000,142,4033.56,77991757,Asia,,
Philippines,2005,164.1,4721,86326251,Asia,,
Philippines,2010,155,5694.05,93966784,Asia,,
Philippines,2015,142.9,7047,102113206,Asia,,
Poland,2000,86.5,12732.17,38556699,Europe,,
Poland,2005,71.3,15580.94,38368957,Europe,,
Poland,2010,64.3,20608.69,38329784,Europe,,
Poland,2015,53.1,24177,38034076,Europe,,
Portugal,2000,29.3,23372.04,10297117,Europe,,
Portugal,2005,24.7,24377.95,10508494,Europe,,
Portugal,2010,19.5,25463.16,10596055,Europe,,
Portugal,2015,17.8,24915,10368346,Europe,,
Qatar,2000,90.7,45788.12,592467,Asia,,
Qatar,2005,77.3,76808.42,865410,Asia,,
Qatar,2010,57,134802.78,1856329,Asia,,
Qatar,2015,51.9,156029,2565708,Asia,,
Romania,2000,127.9,7089.95,22137423,Europe,,
Romania,2005,101.7,11313.82,21417287,Europe,,
Romania,2010,88.9,16377.33,20471860,Europe,,
Romania,2015,74.3,19320,19925182,Europe,,
Russia,2000,119.6,10552.88,146404890,Europe,,
Russia,2005,106.1,16243.1,143672125,Europe,,
Russia,2010,82,21737.38,143479273,Europe,,
Russia,2015,68.1,23691,144985059,Europe,,
Rwanda,2000,326.5,1023.62,7933688,Africa,,
Rwanda,2005,205.1,1210.51,8840220,Africa,,
Rwanda,2010,191.6,1416.39,10039338,Africa,,
Rwanda,2015,191.7,1693,11369066,Africa,,
Saint Lucia,2000,63.6,7191.27,156737,North America,,
Saint Lucia,2005,51.4,8418.91,163408,North America,,
Saint Lucia,2010,37.3,10058.62,174092,North America,,
Saint Lucia,2015,37.4,10185,179131,North America,,
Sao Tome and Principe,2000,252,2218.82,142264,Africa,,
Sao Tome and Principe,2005,244.1,2532.87,157472,Africa,,
Sao Tome and Principe,2010,218.2,3093.35,180372,Africa,,
Sao Tome and Principe,2015,198,3545,199439,Africa,,
Saudi Arabia,2000,75.2,23904.52,20663840,Asia,,
Saudi Arabia,2005,70.5,32700.33,23816175,Asia,,
Saudi Arabia,2010,72.8,42737.65,27421468,Asia,,
Saudi Arabia,2015,67.3,51681,31717676,Asia,,
Senegal,2000,198.5,1983.52,9797731,Africa,,
Senegal,2005,181.6,2121.16,11090123,Africa,,
Senegal,2010,191.2,2151.32,12678143,Africa,,
Senegal,2015,196.3,2311,14578450,Africa,,
Serbia,2000,143.6,6059.58,9487612,Europe,,
Serbia,2005,113.1,9198.41,9193818,Europe,,
Serbia,2010,94.6,11963.56,8991258,Europe,,
Serbia,2015,81.9,12765,8876777,Europe,,
Seychelles,2000,58.3,14379.83,80998,Africa,,
Seychelles,2005,53.8,15172.56,88652,Africa,,
Seychelles,2010,42.4,20147.18,91273,Africa,,
Seychelles,2015,35.9,25690,94981,Africa,,
Sierra Leone,2000,271.6,828.79,4584570,Africa,,
Sierra Leone,2005,285.7,1223.7,5645629,Africa,,
Sierra Leone,2010,281.4,1421.15,6415636,Africa,,
Sierra Leone,2015,253.2,1563,7171909,Africa,,
Singapore,2000,48.9,37772.76,4028872,Asia,,
Singapore,2005,48.6,44698.84,4265693,Asia,,
Singapore,2010,35.3,58612.73,5131170,Asia,,
Singapore,2015,33,65660,5592143,Asia,,
Slovakia,2000,83.7,13904.99,5399207,Europe,,
Slovakia,2005,69.8,17649.52,5398962,Europe,,
Slovakia,2010,60.6,21941.21,5404293,Europe,,
Slovakia,2015,49.7,24588,5435614,Europe,,
Slovenia,2000,54.3,21501.34,1987710,Europe,,
Slovenia,2005,41.2,24966.94,1994979,Europe,,
Slovenia,2010,32.3,26000.92,2043336,Europe,,
Slovenia,2015,31.2,26268,2071199,Europe,,
Solomon Islands,2000,219.4,26268,412665,Oceania,,
Solomon Islands,2005,221.3,26268,469918,Oceania,,
Solomon Islands,2010,195.7,26268,527861,Oceania,,
Solomon Islands,2015,179.1,26268,603133,Oceania,,
Somalia,2000,293.3,26268,8872250,Africa,,
Somalia,2005,271.5,26268,10446856,Africa,,
Somalia,2010,274.3,26268,12043886,Africa,,
Somalia,2015,264.5,26268,13797204,Africa,,
South Africa,2000,202.6,7582.78,44967713,Africa,,
South Africa,2005,164.1,9393.69,47880595,Africa,,
South Africa,2010,124.4,11318.6,51216967,Africa,,
South Africa,2015,106.7,12246,55386369,Africa,,
South Korea,2000,42,23108.02,47379237,Asia,,
South Korea,2005,32.8,27443.28,48701069,Asia,,
South Korea,2010,27.6,31537.77,49545638,Asia,,
South Korea,2015,28.3,5366.59,50823087,Asia,,
Spain,2000,24.8,26994.86,40824745,Europe,,
Spain,2005,21.2,30885.6,44019118,Europe,,
Spain,2010,16.8,31786.4,46931011,Europe,,
Spain,2015,15.4,31847,46671919,Europe,,
Sri Lanka,2000,110.3,5841.09,18777606,Asia,,
Sri Lanka,2005,110.9,6491.2,19544988,Asia,,
Sri Lanka,2010,94,8319.7,20261738,Asia,,
Sri Lanka,2015,79.4,10763,20908024,Asia,,
Sudan,2000,253.9,1951.47,27275019,Africa,,
Sudan,2005,240.2,2642.52,30949514,Africa,,
Sudan,2010,211.7,3707.3,34545014,Africa,,
Sudan,2015,191.6,3625,38902948,Africa,,
Sweden,2000,14.5,34202.6,8881642,Europe,,
Sweden,2005,10.7,39258.99,9038627,Europe,,
Sweden,2010,9.6,42634.75,9390157,Europe,,
Sweden,2015,11.4,43746,9764949,Europe,,
Switzerland,2000,23.4,43251.1,7143764,Europe,,
Switzerland,2005,18.8,49273.9,7386818,Europe,,
Switzerland,2010,16.2,57219.5,7808674,Europe,,
Switzerland,2015,16.4,59307,8296775,Europe,,
Syria,2000,80.3,7668.07,16410847,Asia,,
Syria,2005,73.7,7037.72,18361178,Asia,,
Syria,2010,73.9,6520.61,21362541,Asia,,
Syria,2015,74.6,3049,17997411,Asia,,
Taiwan,2000,42.1,26787.45,21966528,Asia,,
Taiwan,2005,39.7,31374.45,22705719,Asia,,
Taiwan,2010,37.6,37385.49,23187556,Asia,,
Taiwan,2015,35.8,41668,23557473,Asia,,
Tajikistan,2000,292.6,1723.36,6216329,Asia,,
Tajikistan,2005,222.4,2416.87,6789318,Asia,,
Tajikistan,2010,183.7,2975.93,7527397,Asia,,
Tajikistan,2015,153.9,3789,8454019,Asia,,
Tanzania,2000,210.3,1148.68,33499177,Africa,,
Tanzania,2005,187.6,1554.15,38450323,Africa,,
Tanzania,2010,175.5,2068.86,44346532,Africa,,
Tanzania,2015,176.3,2566,51482638,Africa,,
Thailand,2000,99.9,9627.1,62952639,Asia,,
Thailand,2005,83.8,11742.13,65416189,Asia,,
Thailand,2010,73.7,13343.55,67195032,Asia,,
Thailand,2015,71.7,15020,68714519,Asia,,
Togo,2000,277.4,1150.37,4924406,Africa,,
Togo,2005,260.2,1119.8,5611643,Africa,,
Togo,2010,249.6,1191.14,6421674,Africa,,
Togo,2015,234.1,1370,7323162,Africa,,
Trinidad and Tobago,2000,60.2,19179.92,1267159,North America,,
Trinidad and Tobago,2005,43.2,26651.83,1296497,North America,,
Trinidad and Tobago,2010,36.3,30235.99,1328144,North America,,
Trinidad and Tobago,2015,38.5,30702,1370332,North America,,
Tunisia,2000,59.7,7548.44,9708347,Asia,,
Tunisia,2005,46,8983.38,10106778,Asia,,
Tunisia,2010,45.7,10721.81,10635245,Asia,,
Tunisia,2015,49.4,11060,11179951,Asia,,
Turkey,2000,77.9,11904.01,63240196,Europe,,
Turkey,2005,58.9,14487.76,67903461,Europe,,
Turkey,2010,46.4,16528.12,72326992,Europe,,
Turkey,2015,45.5,19836,78529413,Europe,,
Turkmenistan,2000,160.1,4173.19,4516128,Asia,,
Turkmenistan,2005,115.6,8791.68,4754652,Asia,,
Turkmenistan,2010,113.3,14397.15,5087211,Asia,,
Turkmenistan,2015,102,22675,5565283,Asia,,
Uganda,2000,276.1,1191.95,23650159,Africa,,
Uganda,2005,255.2,1451.1,27684590,Africa,,
Uganda,2010,223.9,1831.29,32428164,Africa,,
Uganda,2015,217.1,1954,38225447,Africa,,
Ukraine,2000,128.1,5165.81,48838058,Europe,,
Ukraine,2005,115.9,8496.68,46890775,Europe,,
Ukraine,2010,93.2,9601.21,45792086,Europe,,
Ukraine,2015,82.9,8961,44921636,Europe,,
United Arab Emirates,2000,106.1,48888.03,3134067,Asia,,
United Arab Emirates,2005,85.6,65599.06,4588222,Asia,,
United Arab Emirates,2010,89.1,60112.4,8549998,Asia,,
United Arab Emirates,2015,87.5,74746,9262896,Asia,,
United Kingdom,2000,37.5,31946.04,58923305,Europe,,
United Kingdom,2005,29.7,35623.63,60287953,Europe,,
United Kingdom,2010,24.7,34754.47,63459801,Europe,,
United Kingdom,2015,23.7,36941,65860149,Europe,,
United States,2000,32.6,45886.47,281421906,North America,,*
United States,2005,28.2,49654.76,295516599,North America,,
United States,2010,21.6,49266.92,308745538,North America,,
United States,2015,20.7,52591,320878310,North America,,
Uruguay,2000,38.4,13050.06,3319734,South America,,
Uruguay,2005,33.4,12757.5,3321799,South America,,
Uruguay,2010,30,16415.63,3359273,South America,,
Uruguay,2015,27.5,19244,3412013,South America,,
Uzbekistan,2000,176.5,4667.26,24769955,Asia,,
Uzbekistan,2005,151.9,5284,26427785,Asia,,
Uzbekistan,2010,134.6,7002.86,28515908,Asia,,
Uzbekistan,2015,122.3,9720,30929556,Asia,,
Venezuela,2000,58.4,13992.61,24192449,South America,,
Venezuela,2005,51,14944.34,26432445,South America,,
Venezuela,2010,44.2,17105.58,28439942,South America,,
Venezuela,2015,45.9,18802,30081827,South America,,
Vietnam,2000,128.7,2773.1,79910411,Asia,,
Vietnam,2005,116.3,3637.66,83832662,Asia,,
Vietnam,2010,96.4,4571.85,87967655,Asia,,
Vietnam,2015,86.7,5763,92677082,Asia,,
Yemen,2000,235.4,4212.11,17409071,Asia,,
Yemen,2005,204.8,4485.58,20107416,Asia,,
Yemen,2010,193.5,4812.35,23154854,Asia,,
Yemen,2015,183.4,2844,26497881,Asia,,
Zambia,2000,292,1428.5,10415942,Africa,,
Zambia,2005,295.1,1970.02,11856244,Africa,,
Zambia,2010,271,3032.07,13605986,Africa,,
Zambia,2015,243.1,3478,15879370,Africa,,
Zimbabwe,2000,203.7,2211.2,11881482,Africa,,
Zimbabwe,2005,246.4,1496.03,12076697,Africa,,
Zimbabwe,2010,236.6,1401.86,12697728,Africa,,
Zimbabwe,2015,181.2,1560,13814642,Africa,,
