Country,Code,Year,CO2_per_capita,GDP_per_capita
Afghanistan,AFG,2000,0.04,
Afghanistan,AFG,2003,0.06,191
Afghanistan,AFG,2006,0.07,264
Afghanistan,AFG,2009,0.21,438
Afghanistan,AFG,2012,0.34,642
Afghanistan,AFG,2015,0.23,578
Afghanistan,AFG,2018,0.20,494
Albania,ALB,2000,1.03,1127
Albania,ALB,2003,1.35,1846
Albania,ALB,2006,1.35,2973
Albania,ALB,2009,1.48,4114
Albania,ALB,2012,1.58,4248
Albania,ALB,2015,1.76,3953
Albania,ALB,2018,1.94,5284
Algeria,DZA,2000,2.53,1765
Algeria,DZA,2003,2.60,2103
Algeria,DZA,2006,2.79,3479
Algeria,DZA,2009,3.19,3883
Algeria,DZA,2012,3.39,5592
Algeria,DZA,2015,3.67,4178
Algeria,DZA,2018,3.59,4154
Angola,AGO,2000,0.75,557
Angola,AGO,2003,0.99,983
Angola,AGO,2006,1.01,2600
Angola,AGO,2009,1.21,3123
Angola,AGO,2012,1.20,5100
Angola,AGO,2015,1.26,4167
Angola,AGO,2018,0.89,3290
Argentina,ARG,2000,3.58,7708
Argentina,ARG,2003,3.37,3350
Argentina,ARG,2006,3.95,5919
Argentina,ARG,2009,3.89,8225
Argentina,ARG,2012,4.28,13083
Argentina,ARG,2015,4.31,13789
Argentina,ARG,2018,3.99,11633
Armenia,ARM,2000,1.16,623
Armenia,ARM,2003,1.16,930
Armenia,ARM,2006,1.52,2158
Armenia,ARM,2009,1.56,2994
Armenia,ARM,2012,1.98,3682
Armenia,ARM,2015,1.83,3607
Armenia,ARM,2018,1.88,4221
Australia,AUS,2000,17.69,21679
Australia,AUS,2003,17.69,23447
Australia,AUS,2006,18.12,36045
Australia,AUS,2009,18.21,42772
Australia,AUS,2012,16.97,68012
Australia,AUS,2015,15.79,56756
Australia,AUS,2018,15.48,57355
Austria,AUT,2000,7.93,24564
Austria,AUT,2003,9.17,32223
Austria,AUT,2006,8.96,40635
Austria,AUT,2009,7.72,47963
Austria,AUT,2012,7.72,48568
Austria,AUT,2015,7.31,44178
Austria,AUT,2018,7.15,51453
Azerbaijan,AZE,2000,4.97,655
Azerbaijan,AZE,2003,4.17,884
Azerbaijan,AZE,2006,4.03,2473
Azerbaijan,AZE,2009,2.81,4950
Azerbaijan,AZE,2012,3.31,7496
Azerbaijan,AZE,2015,3.33,5500
Azerbaijan,AZE,2018,3.22,4740
Bahamas,BHS,2000,7.18,27098
Bahamas,BHS,2003,7.19,28328
Bahamas,BHS,2006,6.10,30714
Bahamas,BHS,2009,17.22,28553
Bahamas,BHS,2012,10.01,29486
Bahamas,BHS,2015,6.33,31296
Bahamas,BHS,2018,5.86,33768
Bahrain,BHR,2000,23.89,13636
Bahrain,BHR,2003,23.06,14222
Bahrain,BHR,2006,23.48,19308
Bahrain,BHR,2009,20.87,19356
Bahrain,BHR,2012,20.44,23654
Bahrain,BHR,2015,22.31,22634
Bahrain,BHR,2018,19.59,23991
Bangladesh,BGD,2000,0.17,418
Bangladesh,BGD,2003,0.21,446
Bangladesh,BGD,2006,0.25,510
Bangladesh,BGD,2009,0.31,702
Bangladesh,BGD,2012,0.38,883
Bangladesh,BGD,2015,0.46,1248
Bangladesh,BGD,2018,0.51,1698
Belarus,BLR,2000,5.31,1276
Belarus,BLR,2003,5.36,1820
Belarus,BLR,2006,6.12,3847
Belarus,BLR,2009,6.02,5351
Belarus,BLR,2012,6.32,6940
Belarus,BLR,2015,5.78,5949
Belarus,BLR,2018,6.25,6330
Belgium,BEL,2000,11.44,23042
Belgium,BEL,2003,11.13,30588
Belgium,BEL,2006,10.30,38673
Belgium,BEL,2009,9.23,44584
Belgium,BEL,2012,8.55,44673
Belgium,BEL,2015,8.44,40992
Belgium,BEL,2018,8.18,47555
Belize,BLZ,2000,1.82,3364
Belize,BLZ,2003,1.89,3651
Belize,BLZ,2006,1.75,4155
Belize,BLZ,2009,4.64,4187
Belize,BLZ,2012,2.04,4506
Belize,BLZ,2015,1.83,4770
Belize,BLZ,2018,1.78,5001
Benin,BEN,2000,0.22,513
Benin,BEN,2003,0.32,711
Benin,BEN,2006,0.47,856
Benin,BEN,2009,0.53,1089
Benin,BEN,2012,0.49,1145
Benin,BEN,2015,0.57,1077
Benin,BEN,2018,0.69,1241
Bhutan,BTN,2000,0.63,718
Bhutan,BTN,2003,0.57,962
Bhutan,BTN,2006,0.61,1331
Bhutan,BTN,2009,0.55,1819
Bhutan,BTN,2012,1.08,2539
Bhutan,BTN,2015,1.32,2753
Bhutan,BTN,2018,1.83,3243
Bolivia,BOL,2000,0.95,998
Bolivia,BOL,2003,1.02,908
Bolivia,BOL,2006,1.19,1219
Bolivia,BOL,2009,1.40,1754
Bolivia,BOL,2012,1.66,2610
Bolivia,BOL,2015,1.88,3036
Bolivia,BOL,2018,2.00,3549
Bosnia and Herzegovina,BIH,2000,3.72,1468
Bosnia and Herzegovina,BIH,2003,3.95,2225
Bosnia and Herzegovina,BIH,2006,4.76,3417
Bosnia and Herzegovina,BIH,2009,5.51,4715
Bosnia and Herzegovina,BIH,2012,6.09,4779
Bosnia and Herzegovina,BIH,2015,5.72,4727
Bosnia and Herzegovina,BIH,2018,6.78,6072
Botswana,BWA,2000,2.45,3522
Botswana,BWA,2003,2.26,4331
Botswana,BWA,2006,2.23,5522
Botswana,BWA,2009,2.09,5256
Botswana,BWA,2012,2.52,7051
Botswana,BWA,2015,3.40,6800
Botswana,BWA,2018,3.64,8280
Brazil,BRA,2000,1.79,3750
Brazil,BRA,2003,1.70,3071
Brazil,BRA,2006,1.77,5886
Brazil,BRA,2009,1.81,8598
Brazil,BRA,2012,2.27,12370
Brazil,BRA,2015,2.35,8814
Brazil,BRA,2018,2.04,9151
Brunei Darussalam,BRN,2000,13.30,18013
Brunei Darussalam,BRN,2003,14.86,18561
Brunei Darussalam,BRN,2006,19.50,30980
Brunei Darussalam,BRN,2009,19.35,27956
Brunei Darussalam,BRN,2012,17.87,47740
Brunei Darussalam,BRN,2015,14.41,31164
Brunei Darussalam,BRN,2018,16.64,31628
Bulgaria,BGR,2000,5.30,1621
Bulgaria,BGR,2003,6.16,2719
Bulgaria,BGR,2006,6.44,4523
Bulgaria,BGR,2009,5.77,6988
Bulgaria,BGR,2012,6.18,7396
Bulgaria,BGR,2015,6.23,7056
Bulgaria,BGR,2018,5.85,9428
Burkina Faso,BFA,2000,0.09,256
Burkina Faso,BFA,2003,0.09,375
Burkina Faso,BFA,2006,0.10,473
Burkina Faso,BFA,2009,0.13,624
Burkina Faso,BFA,2012,0.16,758
Burkina Faso,BFA,2015,0.19,653
Burkina Faso,BFA,2018,0.22,813
Burundi,BDI,2000,0.04,136
Burundi,BDI,2003,0.02,114
Burundi,BDI,2006,0.02,167
Burundi,BDI,2009,0.02,212
Burundi,BDI,2012,0.04,252
Burundi,BDI,2015,0.04,306
Burundi,BDI,2018,0.05,272
Côte d'Ivoire,CIV,2000,0.38,653
Côte d'Ivoire,CIV,2003,0.29,872
Côte d'Ivoire,CIV,2006,0.30,950
Côte d'Ivoire,CIV,2009,0.30,1215
Côte d'Ivoire,CIV,2012,0.37,1243
Côte d'Ivoire,CIV,2015,0.41,1973
Côte d'Ivoire,CIV,2018,0.40,2314
Cambodia,KHM,2000,0.16,301
Cambodia,KHM,2003,0.19,362
Cambodia,KHM,2006,0.22,540
Cambodia,KHM,2009,0.34,738
Cambodia,KHM,2012,0.37,951
Cambodia,KHM,2015,0.55,1163
Cambodia,KHM,2018,0.69,1512
Cameroon,CMR,2000,0.43,652
Cameroon,CMR,2003,0.36,868
Cameroon,CMR,2006,0.38,1063
Cameroon,CMR,2009,0.44,1320
Cameroon,CMR,2012,0.33,1355
Cameroon,CMR,2015,0.34,1328
Cameroon,CMR,2018,0.34,1534
Canada,CAN,2000,16.78,24271
Canada,CAN,2003,17.23,28300
Canada,CAN,2006,16.61,40504
Canada,CAN,2009,15.49,40876
Canada,CAN,2012,15.76,52669
Canada,CAN,2015,15.65,43596
Canada,CAN,2018,15.50,46455
Central African Republic,CAF,2000,0.07,251
Central African Republic,CAF,2003,0.06,294
Central African Republic,CAF,2006,0.06,355
Central African Republic,CAF,2009,0.06,475
Central African Republic,CAF,2012,0.07,566
Central African Republic,CAF,2015,0.07,377
Central African Republic,CAF,2018,0.07,476
Chad,TCD,2000,0.06,166
Chad,TCD,2003,0.08,293
Chad,TCD,2006,0.08,710
Chad,TCD,2009,0.08,804
Chad,TCD,2012,0.07,967
Chad,TCD,2015,0.07,776
Chad,TCD,2018,0.07,726
Chile,CHL,2000,3.25,5075
Chile,CHL,2003,3.15,4773
Chile,CHL,2006,3.49,9465
Chile,CHL,2009,3.87,10209
Chile,CHL,2012,4.51,15352
Chile,CHL,2015,4.56,13574
Chile,CHL,2018,4.62,15888
China,CHN,2000,2.65,959
China,CHN,2003,3.43,1289
China,CHN,2006,4.91,2099
China,CHN,2009,5.80,3832
China,CHN,2012,7.06,6317
China,CHN,2015,7.17,8067
China,CHN,2018,7.41,9977
Colombia,COL,2000,1.47,2520
Colombia,COL,2003,1.35,2281
Colombia,COL,2006,1.34,3741
Colombia,COL,2009,1.41,5193
Colombia,COL,2012,1.53,8050
Colombia,COL,2015,1.71,6176
Colombia,COL,2018,1.60,6730
Costa Rica,CRI,2000,1.25,3789
Costa Rica,CRI,2003,1.39,4148
Costa Rica,CRI,2006,1.51,5227
Costa Rica,CRI,2009,1.59,6801
Costa Rica,CRI,2012,1.59,10075
Costa Rica,CRI,2015,1.56,11643
Costa Rica,CRI,2018,1.65,12469
Croatia,HRV,2000,4.04,4842
Croatia,HRV,2003,5.02,8059
Croatia,HRV,2006,5.01,11696
Croatia,HRV,2009,4.72,14541
Croatia,HRV,2012,4.09,13258
Croatia,HRV,2015,3.97,11782
Croatia,HRV,2018,4.06,15014
Cuba,CUB,2000,2.53,2747
Cuba,CUB,2003,2.25,3197
Cuba,CUB,2006,2.34,4684
Cuba,CUB,2009,2.41,5530
Cuba,CUB,2012,2.56,6497
Cuba,CUB,2015,2.43,7694
Cuba,CUB,2018,2.20,8824
Cyprus,CYP,2000,7.50,14388
Cyprus,CYP,2003,7.82,20252
Cyprus,CYP,2006,7.59,26729
Cyprus,CYP,2009,7.45,32109
Cyprus,CYP,2012,6.18,28912
Cyprus,CYP,2015,5.84,23408
Cyprus,CYP,2018,6.08,29089
Czech Republic,CZE,2000,12.01,6029
Czech Republic,CZE,2003,12.04,9819
Czech Republic,CZE,2006,11.78,15262
Czech Republic,CZE,2009,10.64,19862
Czech Republic,CZE,2012,10.20,19871
Czech Republic,CZE,2015,9.58,17830
Czech Republic,CZE,2018,9.64,23420
Denmark,DNK,2000,9.87,30744
Denmark,DNK,2003,11.01,40459
Denmark,DNK,2006,10.71,52027
Denmark,DNK,2009,8.67,58163
Denmark,DNK,2012,6.83,58508
Denmark,DNK,2015,5.91,53255
Denmark,DNK,2018,5.76,61599
Djibouti,DJI,2000,0.52,768
Djibouti,DJI,2003,0.54,819
Djibouti,DJI,2006,0.54,968
Djibouti,DJI,2009,0.56,1267
Djibouti,DJI,2012,0.59,1559
Djibouti,DJI,2015,0.59,2659
Djibouti,DJI,2018,0.51,3142
Dominican Republic,DOM,2000,2.20,2869
Dominican Republic,DOM,2003,2.12,2418
Dominican Republic,DOM,2006,2.20,4109
Dominican Republic,DOM,2009,2.05,5039
Dominican Republic,DOM,2012,2.18,6110
Dominican Republic,DOM,2015,2.28,6922
Dominican Republic,DOM,2018,2.36,8051
Ecuador,ECU,2000,1.69,1445
Ecuador,ECU,2003,1.79,2426
Ecuador,ECU,2006,2.07,3329
Ecuador,ECU,2009,2.20,4232
Ecuador,ECU,2012,2.37,5682
Ecuador,ECU,2015,2.51,6124
Ecuador,ECU,2018,2.31,6296
Egypt,EGY,2000,1.64,1450
Egypt,EGY,2003,1.80,1102
Egypt,EGY,2006,2.20,1397
Egypt,EGY,2009,2.41,2331
Egypt,EGY,2012,2.46,3230
Egypt,EGY,2015,2.44,3563
Egypt,EGY,2018,2.50,2537
El Salvador,SLV,2000,0.96,2002
El Salvador,SLV,2003,1.09,2209
El Salvador,SLV,2006,1.19,2632
El Salvador,SLV,2009,1.08,2858
El Salvador,SLV,2012,1.09,3428
El Salvador,SLV,2015,1.11,3706
El Salvador,SLV,2018,1.06,4053
Eritrea,ERI,2000,0.28,308
Eritrea,ERI,2003,0.27,335
Eritrea,ERI,2006,0.18,415
Eritrea,ERI,2009,0.15,595
Eritrea,ERI,2012,0.19,
Eritrea,ERI,2015,0.19,
Eritrea,ERI,2018,0.23,
Estonia,EST,2000,10.61,4076
Estonia,EST,2003,12.28,7206
Estonia,EST,2006,11.80,12632
Estonia,EST,2009,11.21,14795
Estonia,EST,2012,12.69,17534
Estonia,EST,2015,11.68,17522
Estonia,EST,2018,12.10,23159
Ethiopia,ETH,2000,0.05,124
Ethiopia,ETH,2003,0.07,119
Ethiopia,ETH,2006,0.07,195
Ethiopia,ETH,2009,0.08,381
Ethiopia,ETH,2012,0.09,467
Ethiopia,ETH,2015,0.13,641
Ethiopia,ETH,2018,0.15,772
Fiji,FJI,2000,1.05,2069
Fiji,FJI,2003,1.32,2819
Fiji,FJI,2006,1.65,3716
Fiji,FJI,2009,1.14,3363
Fiji,FJI,2012,1.19,4592
Fiji,FJI,2015,1.74,5391
Fiji,FJI,2018,2.15,6317
Finland,FIN,2000,10.64,24285
Finland,FIN,2003,13.76,32855
Finland,FIN,2006,12.73,41188
Finland,FIN,2009,10.15,47294
Finland,FIN,2012,9.13,47711
Finland,FIN,2015,7.81,42785
Finland,FIN,2018,8.04,50013
France,FRA,2000,6.13,22364
France,FRA,2003,6.05,29568
France,FRA,2006,5.84,36444
France,FRA,2009,5.31,41575
France,FRA,2012,5.12,40875
France,FRA,2015,4.67,36638
France,FRA,2018,4.62,41526
Gabon,GAB,2000,3.80,4136
Gabon,GAB,2003,3.33,4933
Gabon,GAB,2006,2.82,7221
Gabon,GAB,2009,2.68,7721
Gabon,GAB,2012,3.33,9814
Gabon,GAB,2015,2.81,7385
Gabon,GAB,2018,2.18,7957
Georgia,GEO,2000,1.17,750
Georgia,GEO,2003,0.80,1010
Georgia,GEO,2006,1.21,1996
Georgia,GEO,2009,1.47,2823
Georgia,GEO,2012,1.93,4422
Georgia,GEO,2015,2.47,4014
Georgia,GEO,2018,2.54,4723
Germany,DEU,2000,10.10,23636
Germany,DEU,2003,10.14,30244
Germany,DEU,2006,9.88,36323
Germany,DEU,2009,8.97,41486
Germany,DEU,2012,9.45,43858
Germany,DEU,2015,9.09,41087
Germany,DEU,2018,8.56,47787
Ghana,GHA,2000,0.30,258
Ghana,GHA,2003,0.34,368
Ghana,GHA,2006,0.38,913
Ghana,GHA,2009,0.41,1078
Ghana,GHA,2012,0.55,1588
Ghana,GHA,2015,0.54,1706
Ghana,GHA,2018,0.54,2194
Greece,GRC,2000,8.74,12043
Greece,GRC,2003,9.17,18478
Greece,GRC,2006,9.14,24801
Greece,GRC,2009,8.53,29711
Greece,GRC,2012,7.25,21915
Greece,GRC,2015,6.29,18050
Greece,GRC,2018,6.08,19766
Guatemala,GTM,2000,0.81,1664
Guatemala,GTM,2003,0.85,1738
Guatemala,GTM,2006,0.87,2251
Guatemala,GTM,2009,0.85,2652
Guatemala,GTM,2012,0.82,3355
Guatemala,GTM,2015,1.05,3995
Guatemala,GTM,2018,1.11,4478
Guinea,GIN,2000,0.18,363
Guinea,GIN,2003,0.19,394
Guinea,GIN,2006,0.20,453
Guinea,GIN,2009,0.21,674
Guinea,GIN,2012,0.23,717
Guinea,GIN,2015,0.22,769
Guinea,GIN,2018,0.25,955
Guinea-Bissau,GNB,2000,0.12,309
Guinea-Bissau,GNB,2003,0.16,372
Guinea-Bissau,GNB,2006,0.16,430
Guinea-Bissau,GNB,2009,0.15,559
Guinea-Bissau,GNB,2012,0.16,616
Guinea-Bissau,GNB,2015,0.16,603
Guinea-Bissau,GNB,2018,0.17,803
Guyana,GUY,2000,2.22,954
Guyana,GUY,2003,2.17,997
Guyana,GUY,2006,1.78,3189
Guyana,GUY,2009,2.17,4234
Guyana,GUY,2012,2.65,5379
Guyana,GUY,2015,2.67,5577
Guyana,GUY,2018,3.13,6146
Haiti,HTI,2000,0.17,812
Haiti,HTI,2003,0.20,562
Haiti,HTI,2006,0.18,793
Haiti,HTI,2009,0.20,1150
Haiti,HTI,2012,0.24,1337
Haiti,HTI,2015,0.31,1389
Haiti,HTI,2018,0.30,1435
Honduras,HND,2000,0.77,1093
Honduras,HND,2003,0.95,1158
Honduras,HND,2006,1.05,1430
Honduras,HND,2009,1.00,1790
Honduras,HND,2012,1.06,2144
Honduras,HND,2015,1.08,2302
Honduras,HND,2018,1.02,2510
Hungary,HUN,2000,5.35,4624
Hungary,HUN,2003,5.75,8421
Hungary,HUN,2006,5.51,11476
Hungary,HUN,2009,4.77,13046
Hungary,HUN,2012,4.38,12951
Hungary,HUN,2015,4.41,12707
Hungary,HUN,2018,4.75,16411
Iceland,ISL,2000,7.93,32096
Iceland,ISL,2003,7.70,39477
Iceland,ISL,2006,7.67,57493
Iceland,ISL,2009,6.62,41301
Iceland,ISL,2012,5.80,45996
Iceland,ISL,2015,6.23,52952
Iceland,ISL,2018,6.24,74348
India,IND,2000,0.89,443
India,IND,2003,0.91,547
India,IND,2006,1.04,807
India,IND,2009,1.29,1102
India,IND,2012,1.51,1444
India,IND,2015,1.64,1606
India,IND,2018,1.80,1997
Indonesia,IDN,2000,1.32,780
Indonesia,IDN,2003,1.52,1066
Indonesia,IDN,2006,1.59,1590
Indonesia,IDN,2009,1.65,2261
Indonesia,IDN,2012,1.96,3694
Indonesia,IDN,2015,1.90,3332
Indonesia,IDN,2018,2.18,3894
Iran,IRN,2000,5.19,1670
Iran,IRN,2003,5.73,2254
Iran,IRN,2006,6.96,3774
Iran,IRN,2009,7.56,5710
Iran,IRN,2012,7.56,7928
Iran,IRN,2015,7.67,4904
Iran,IRN,2018,7.69,3598
Iraq,IRQ,2000,3.17,2058
Iraq,IRQ,2003,2.81,855
Iraq,IRQ,2006,3.06,2373
Iraq,IRQ,2009,3.71,3854
Iraq,IRQ,2012,4.76,6836
Iraq,IRQ,2015,4.56,4688
Iraq,IRQ,2018,4.90,5523
Ireland,IRL,2000,11.20,26246
Ireland,IRL,2003,11.06,41101
Ireland,IRL,2006,11.19,54283
Ireland,IRL,2009,9.04,52009
Ireland,IRL,2012,8.07,48915
Ireland,IRL,2015,7.87,62000
Ireland,IRL,2018,7.62,79298
Israel,ISR,2000,9.06,21101
Israel,ISR,2003,9.40,19034
Israel,ISR,2006,9.12,21855
Israel,ISR,2009,8.78,27720
Israel,ISR,2012,9.62,32510
Israel,ISR,2015,7.89,35814
Israel,ISR,2018,6.98,41705
Italy,ITA,2000,7.66,20088
Italy,ITA,2003,8.06,27466
Italy,ITA,2006,8.03,33502
Italy,ITA,2009,6.72,37080
Italy,ITA,2012,6.33,35054
Italy,ITA,2015,5.56,30230
Italy,ITA,2018,5.38,34609
Jamaica,JAM,2000,3.79,3392
Jamaica,JAM,2003,3.91,3481
Jamaica,JAM,2006,4.38,4331
Jamaica,JAM,2009,2.82,4335
Jamaica,JAM,2012,2.50,5210
Jamaica,JAM,2015,2.52,4908
Jamaica,JAM,2018,2.90,5360
Japan,JPN,2000,9.33,38532
Japan,JPN,2003,9.52,34808
Japan,JPN,2006,9.31,35434
Japan,JPN,2009,8.60,40855
Japan,JPN,2012,9.81,48603
Japan,JPN,2015,9.29,34524
Japan,JPN,2018,8.74,39159
Jordan,JOR,2000,3.18,1652
Jordan,JOR,2003,3.19,1876
Jordan,JOR,2006,3.37,2513
Jordan,JOR,2009,3.00,3560
Jordan,JOR,2012,2.98,3910
Jordan,JOR,2015,2.74,4164
Jordan,JOR,2018,2.48,4308
Kazakhstan,KAZ,2000,7.71,1229
Kazakhstan,KAZ,2003,9.14,2068
Kazakhstan,KAZ,2006,11.77,5292
Kazakhstan,KAZ,2009,12.69,7165
Kazakhstan,KAZ,2012,14.38,12387
Kazakhstan,KAZ,2015,11.78,10511
Kazakhstan,KAZ,2018,12.06,9813
Kenya,KEN,2000,0.26,397
Kenya,KEN,2003,0.19,430
Kenya,KEN,2006,0.25,686
Kenya,KEN,2009,0.29,905
Kenya,KEN,2012,0.27,1137
Kenya,KEN,2015,0.36,1337
Kenya,KEN,2018,0.36,1708
Kuwait,KWT,2000,23.06,18440
Kuwait,KWT,2003,25.74,22148
Kuwait,KWT,2006,29.35,42782
Kuwait,KWT,2009,26.60,37562
Kuwait,KWT,2012,24.96,51979
Kuwait,KWT,2015,22.95,29870
Kuwait,KWT,2018,21.62,33399
Lao PDR,LAO,2000,0.17,325
Lao PDR,LAO,2003,0.21,363
Lao PDR,LAO,2006,0.28,591
Lao PDR,LAO,2009,0.41,949
Lao PDR,LAO,2012,0.51,1581
Lao PDR,LAO,2015,1.28,2135
Lao PDR,LAO,2018,2.66,2542
Latvia,LVA,2000,2.93,3358
Latvia,LVA,2003,3.32,5135
Latvia,LVA,2006,3.70,9700
Latvia,LVA,2009,3.44,12288
Latvia,LVA,2012,3.72,13923
Latvia,LVA,2015,3.70,13775
Latvia,LVA,2018,3.96,17850
Lebanon,LBN,2000,4.08,4492
Lebanon,LBN,2003,3.97,4576
Lebanon,LBN,2006,3.41,4627
Lebanon,LBN,2009,4.55,7355
Lebanon,LBN,2012,4.24,7952
Lebanon,LBN,2015,4.14,7645
Lebanon,LBN,2018,4.04,8013
Lesotho,LSO,2000,0.86,436
Lesotho,LSO,2003,0.90,574
Lesotho,LSO,2006,0.96,905
Lesotho,LSO,2009,1.06,875
Lesotho,LSO,2012,1.13,1230
Lesotho,LSO,2015,1.08,1146
Lesotho,LSO,2018,1.22,1192
Liberia,LBR,2000,0.15,307
Liberia,LBR,2003,0.16,243
Liberia,LBR,2006,0.21,336
Liberia,LBR,2009,0.14,471
Liberia,LBR,2012,0.23,658
Liberia,LBR,2015,0.28,710
Liberia,LBR,2018,0.27,677
Libya,LBY,2000,7.44,7143
Libya,LBY,2003,7.88,4673
Libya,LBY,2006,8.39,9336
Libya,LBY,2009,8.77,10275
Libya,LBY,2012,8.32,13025
Libya,LBY,2015,8.39,4338
Libya,LBY,2018,8.83,7877
Lithuania,LTU,2000,3.00,3293
Lithuania,LTU,2003,3.29,5499
Lithuania,LTU,2006,3.98,9231
Lithuania,LTU,2009,3.70,11821
Lithuania,LTU,2012,3.99,14368
Lithuania,LTU,2015,3.81,14258
Lithuania,LTU,2018,4.14,19167
Luxembourg,LUX,2000,19.67,48736
Luxembourg,LUX,2003,22.72,65446
Luxembourg,LUX,2006,24.84,89740
Luxembourg,LUX,2009,21.01,103199
Luxembourg,LUX,2012,20.13,106749
Luxembourg,LUX,2015,16.03,101376
Luxembourg,LUX,2018,15.33,116597
Madagascar,MDG,2000,0.10,294
Madagascar,MDG,2003,0.09,369
Madagascar,MDG,2006,0.09,339
Madagascar,MDG,2009,0.08,468
Madagascar,MDG,2012,0.12,518
Madagascar,MDG,2015,0.14,467
Madagascar,MDG,2018,0.13,518
Malawi,MWI,2000,0.08,156
Malawi,MWI,2003,0.07,267
Malawi,MWI,2006,0.07,308
Malawi,MWI,2009,0.08,438
Malawi,MWI,2012,0.07,392
Malawi,MWI,2015,0.07,381
Malawi,MWI,2018,0.09,535
Malaysia,MYS,2000,5.24,4044
Malaysia,MYS,2003,5.82,4462
Malaysia,MYS,2006,6.59,6209
Malaysia,MYS,2009,6.53,7292
Malaysia,MYS,2012,6.99,10817
Malaysia,MYS,2015,7.68,9955
Malaysia,MYS,2018,7.60,11378
Mali,MLI,2000,0.13,271
Mali,MLI,2003,0.12,393
Mali,MLI,2006,0.14,523
Mali,MLI,2009,0.17,702
Mali,MLI,2012,0.19,779
Mali,MLI,2015,0.20,751
Mali,MLI,2018,0.29,895
Mauritania,MRT,2000,0.43,677
Mauritania,MRT,2003,0.45,718
Mauritania,MRT,2006,0.47,1260
Mauritania,MRT,2009,0.59,1389
Mauritania,MRT,2012,0.65,1815
Mauritania,MRT,2015,0.73,1524
Mauritania,MRT,2018,0.91,1601
Mauritius,MUS,2000,2.05,3929
Mauritius,MUS,2003,2.27,4794
Mauritius,MUS,2006,2.67,5696
Mauritius,MUS,2009,2.74,7318
Mauritius,MUS,2012,2.97,9291
Mauritius,MUS,2015,3.14,9260
Mauritius,MUS,2018,3.26,11208
Mexico,MEX,2000,3.89,7158
Mexico,MEX,2003,3.95,7075
Mexico,MEX,2006,4.18,9068
Mexico,MEX,2009,4.11,8003
Mexico,MEX,2012,4.10,10242
Mexico,MEX,2015,3.88,9617
Mexico,MEX,2018,3.74,9687
Moldova,MDA,2000,2.29,441
Moldova,MDA,2003,2.68,683
Moldova,MDA,2006,2.77,1183
Moldova,MDA,2009,2.67,1899
Moldova,MDA,2012,2.85,3046
Moldova,MDA,2015,2.83,2732
Moldova,MDA,2018,3.17,4230
Mongolia,MNG,2000,3.75,474
Mongolia,MNG,2003,3.77,646
Mongolia,MNG,2006,4.85,1334
Mongolia,MNG,2009,5.10,1714
Mongolia,MNG,2012,6.07,4352
Mongolia,MNG,2015,5.77,3919
Mongolia,MNG,2018,6.73,4135
Montenegro,MNE,2000,0.00,1627
Montenegro,MNE,2003,0.00,2789
Montenegro,MNE,2006,3.54,4426
Montenegro,MNE,2009,2.83,6727
Montenegro,MNE,2012,3.75,6587
Montenegro,MNE,2015,3.79,6517
Montenegro,MNE,2018,4.05,8850
Morocco,MAR,2000,1.16,1335
Morocco,MAR,2003,1.28,1725
Morocco,MAR,2006,1.50,2196
Morocco,MAR,2009,1.58,2867
Morocco,MAR,2012,1.81,2913
Morocco,MAR,2015,1.82,2875
Morocco,MAR,2018,1.85,3227
Mozambique,MOZ,2000,0.08,319
Mozambique,MOZ,2003,0.10,326
Mozambique,MOZ,2006,0.09,435
Mozambique,MOZ,2009,0.11,520
Mozambique,MOZ,2012,0.12,658
Mozambique,MOZ,2015,0.21,590
Mozambique,MOZ,2018,0.23,503
Myanmar,MMR,2000,0.21,100
Myanmar,MMR,2003,0.23,187
Myanmar,MMR,2006,0.21,296
Myanmar,MMR,2009,0.15,840
Myanmar,MMR,2012,0.23,1036
Myanmar,MMR,2015,0.36,1144
Myanmar,MMR,2018,0.61,1279
Namibia,NAM,2000,1.08,2186
Namibia,NAM,2003,1.21,2622
Namibia,NAM,2006,1.29,4059
Namibia,NAM,2009,1.46,4295
Namibia,NAM,2012,1.61,5942
Namibia,NAM,2015,1.84,4897
Namibia,NAM,2018,1.74,5588
Nepal,NPL,2000,0.13,229
Nepal,NPL,2003,0.12,252
Nepal,NPL,2006,0.10,347
Nepal,NPL,2009,0.14,478
Nepal,NPL,2012,0.22,804
Nepal,NPL,2015,0.24,902
Nepal,NPL,2018,0.43,1179
Netherlands,NLD,2000,10.19,26149
Netherlands,NLD,2003,10.51,35672
Netherlands,NLD,2006,10.02,44863
Netherlands,NLD,2009,9.71,52514
Netherlands,NLD,2012,9.40,50073
Netherlands,NLD,2015,9.33,45175
Netherlands,NLD,2018,8.77,53019
New Zealand,NZL,2000,7.65,13641
New Zealand,NZL,2003,8.30,21914
New Zealand,NZL,2006,8.20,26655
New Zealand,NZL,2009,7.28,28209
New Zealand,NZL,2012,7.26,39973
New Zealand,NZL,2015,6.98,38631
New Zealand,NZL,2018,6.57,43306
Nicaragua,NIC,2000,0.74,1007
Nicaragua,NIC,2003,0.86,1006
Nicaragua,NIC,2006,0.82,1227
Nicaragua,NIC,2009,0.76,1444
Nicaragua,NIC,2012,0.78,1760
Nicaragua,NIC,2015,0.85,2050
Nicaragua,NIC,2018,0.81,2015
Niger,NER,2000,0.06,198
Niger,NER,2003,0.06,268
Niger,NER,2006,0.05,336
Niger,NER,2009,0.07,464
Niger,NER,2012,0.11,530
Niger,NER,2015,0.10,484
Niger,NER,2018,0.10,572
Nigeria,NGA,2000,0.62,568
Nigeria,NGA,2003,0.67,795
Nigeria,NGA,2006,0.65,1656
Nigeria,NGA,2009,0.48,1891
Nigeria,NGA,2012,0.60,2724
Nigeria,NGA,2015,0.60,2687
Nigeria,NGA,2018,0.67,2028
Norway,NOR,2000,7.59,38131
Norway,NOR,2003,8.13,50135
Norway,NOR,2006,8.02,74148
Norway,NOR,2009,7.76,79978
Norway,NOR,2012,7.79,101524
Norway,NOR,2015,7.45,74356
Norway,NOR,2018,7.03,82268
Oman,OMN,2000,9.94,8601
Oman,OMN,2003,11.60,9066
Oman,OMN,2006,14.54,14421
Oman,OMN,2009,14.86,16824
Oman,OMN,2012,16.77,21873
Oman,OMN,2015,16.01,16033
Oman,OMN,2018,15.19,16521
Pakistan,PAK,2000,0.69,576
Pakistan,PAK,2003,0.69,599
Pakistan,PAK,2006,0.81,837
Pakistan,PAK,2009,0.83,958
Pakistan,PAK,2012,0.77,1198
Pakistan,PAK,2015,0.82,1357
Pakistan,PAK,2018,0.98,1482
Panama,PAN,2000,1.74,4060
Panama,PAN,2003,1.72,4267
Panama,PAN,2006,2.21,5349
Panama,PAN,2009,2.43,7576
Panama,PAN,2012,2.77,10722
Panama,PAN,2015,2.70,13630
Panama,PAN,2018,2.43,15545
Papua New Guinea,PNG,2000,0.48,602
Papua New Guinea,PNG,2003,0.65,568
Papua New Guinea,PNG,2006,0.71,1257
Papua New Guinea,PNG,2009,0.70,1626
Papua New Guinea,PNG,2012,0.64,2791
Papua New Guinea,PNG,2015,0.79,2679
Papua New Guinea,PNG,2018,0.87,2801
Paraguay,PRY,2000,0.66,1664
Paraguay,PRY,2003,0.70,1365
Paraguay,PRY,2006,0.65,2271
Paraguay,PRY,2009,0.71,3627
Paraguay,PRY,2012,0.81,5185
Paraguay,PRY,2015,0.95,5414
Paraguay,PRY,2018,1.21,5783
Peru,PER,2000,1.07,1956
Peru,PER,2003,0.98,2146
Peru,PER,2006,1.11,3154
Peru,PER,2009,1.45,4196
Peru,PER,2012,1.64,6529
Peru,PER,2015,1.77,6229
Peru,PER,2018,1.70,6958
Philippines,PHL,2000,0.94,1073
Philippines,PHL,2003,0.90,1048
Philippines,PHL,2006,0.81,1452
Philippines,PHL,2009,0.84,1906
Philippines,PHL,2012,0.91,2694
Philippines,PHL,2015,1.11,3001
Philippines,PHL,2018,1.33,3252
Poland,POL,2000,7.73,4501
Poland,POL,2003,7.79,5702
Poland,POL,2006,8.23,9035
Poland,POL,2009,7.79,11526
Poland,POL,2012,7.97,13097
Poland,POL,2015,7.61,12578
Poland,POL,2018,8.24,15468
Portugal,PRT,2000,5.99,11498
Portugal,PRT,2003,5.79,15763
Portugal,PRT,2006,5.74,19823
Portugal,PRT,2009,5.33,23060
Portugal,PRT,2012,4.59,20565
Portugal,PRT,2015,4.81,19242
Portugal,PRT,2018,4.84,23551
Qatar,QAT,2000,36.68,29976
Qatar,QAT,2003,42.40,34518
Qatar,QAT,2006,43.98,59531
Qatar,QAT,2009,34.54,59095
Qatar,QAT,2012,33.37,85076
Qatar,QAT,2015,32.47,63039
Qatar,QAT,2018,32.42,65908
Romania,ROU,2000,3.96,1660
Romania,ROU,2003,4.62,2679
Romania,ROU,2006,4.67,5757
Romania,ROU,2009,3.95,8548
Romania,ROU,2012,4.07,8507
Romania,ROU,2015,3.68,8969
Romania,ROU,2018,3.85,12399
Russian Federation,RUS,2000,10.16,1772
Russian Federation,RUS,2003,10.52,2975
Russian Federation,RUS,2006,11.12,6920
Russian Federation,RUS,2009,10.47,8563
Russian Federation,RUS,2012,11.64,15421
Russian Federation,RUS,2015,10.81,9313
Russian Federation,RUS,2018,11.13,11287
Rwanda,RWA,2000,0.07,261
Rwanda,RWA,2003,0.06,250
Rwanda,RWA,2006,0.06,367
Rwanda,RWA,2009,0.06,580
Rwanda,RWA,2012,0.07,725
Rwanda,RWA,2015,0.08,751
Rwanda,RWA,2018,0.09,784
Saudi Arabia,SAU,2000,11.82,9171
Saudi Arabia,SAU,2003,12.38,9610
Saudi Arabia,SAU,2006,13.40,15385
Saudi Arabia,SAU,2009,15.01,16113
Saudi Arabia,SAU,2012,16.76,25244
Saudi Arabia,SAU,2015,17.69,20628
Saudi Arabia,SAU,2018,15.27,23337
Senegal,SEN,2000,0.41,617
Senegal,SEN,2003,0.43,836
Senegal,SEN,2006,0.49,1031
Senegal,SEN,2009,0.54,1309
Senegal,SEN,2012,0.56,1318
Senegal,SEN,2015,0.64,1219
Senegal,SEN,2018,0.62,1458
Serbia,SRB,2000,5.85,915
Serbia,SRB,2003,7.10,3005
Serbia,SRB,2006,7.25,4383
Serbia,SRB,2009,6.43,6169
Serbia,SRB,2012,6.31,6016
Serbia,SRB,2015,6.36,5589
Serbia,SRB,2018,6.52,7252
Sierra Leone,SLE,2000,0.09,139
Sierra Leone,SLE,2003,0.11,266
Sierra Leone,SLE,2006,0.11,323
Sierra Leone,SLE,2009,0.09,391
Sierra Leone,SLE,2012,0.13,566
Sierra Leone,SLE,2015,0.13,588
Sierra Leone,SLE,2018,0.13,534
Slovakia,SVK,2000,7.06,5413
Slovakia,SVK,2003,7.14,8713
Slovakia,SVK,2006,7.05,13160
Slovakia,SVK,2009,6.28,16532
Slovakia,SVK,2012,5.99,17482
Slovakia,SVK,2015,5.67,16311
Slovakia,SVK,2018,6.06,19365
Slovenia,SVN,2000,7.31,10201
Slovenia,SVN,2003,7.73,14849
Slovenia,SVN,2006,8.13,19673
Slovenia,SVN,2009,7.61,24694
Slovenia,SVN,2012,7.37,22643
Slovenia,SVN,2015,6.38,20882
Slovenia,SVN,2018,6.77,26103
Solomon Islands,SLB,2000,0.58,1018
Solomon Islands,SLB,2003,0.60,789
Solomon Islands,SLB,2006,0.69,1120
Solomon Islands,SLB,2009,0.64,1429
Solomon Islands,SLB,2012,0.65,2142
Solomon Islands,SLB,2015,0.51,2167
Solomon Islands,SLB,2018,0.57,2412
Somalia,SOM,2000,0.06,
Somalia,SOM,2003,0.06,
Somalia,SOM,2006,0.05,
Somalia,SOM,2009,0.05,
Somalia,SOM,2012,0.05,
Somalia,SOM,2015,0.05,293
Somalia,SOM,2018,0.05,315
South Africa,ZAF,2000,6.33,3032
South Africa,ZAF,2003,7.56,3751
South Africa,ZAF,2006,7.83,5602
South Africa,ZAF,2009,8.00,5863
South Africa,ZAF,2012,8.08,7502
South Africa,ZAF,2015,7.67,5735
South Africa,ZAF,2018,7.50,6373
South Sudan,SSD,2000,0.00,
South Sudan,SSD,2003,0.00,
South Sudan,SSD,2006,0.00,
South Sudan,SSD,2009,0.00,1338
South Sudan,SSD,2012,0.14,1180
South Sudan,SSD,2015,0.18,1120
South Sudan,SSD,2018,0.13,
Spain,ESP,2000,7.23,14713
Spain,ESP,2003,7.55,21463
Spain,ESP,2006,7.70,28365
Spain,ESP,2009,6.20,32042
Spain,ESP,2012,5.76,28324
Spain,ESP,2015,5.52,25732
Spain,ESP,2018,5.52,30375
Sri Lanka,LKA,2000,0.58,870
Sri Lanka,LKA,2003,0.65,982
Sri Lanka,LKA,2006,0.63,1436
Sri Lanka,LKA,2009,0.61,2090
Sri Lanka,LKA,2012,0.82,3351
Sri Lanka,LKA,2015,0.97,3844
Sri Lanka,LKA,2018,1.00,4059
Sudan,SDN,2000,0.20,366
Sudan,SDN,2003,0.26,485
Sudan,SDN,2006,0.39,905
Sudan,SDN,2009,0.44,1164
Sudan,SDN,2012,0.42,1333
Sudan,SDN,2015,0.46,1657
Sudan,SDN,2018,0.48,826
Suriname,SUR,2000,3.14,2012
Suriname,SUR,2003,2.52,2611
Suriname,SUR,2006,3.03,5198
Suriname,SUR,2009,2.77,7408
Suriname,SUR,2012,4.51,9201
Suriname,SUR,2015,4.92,9168
Suriname,SUR,2018,3.61,6938
Sweden,SWE,2000,6.01,29625
Sweden,SWE,2003,6.16,37322
Sweden,SWE,2006,5.39,46594
Sweden,SWE,2009,4.61,46947
Sweden,SWE,2012,4.43,58038
Sweden,SWE,2015,4.00,51545
Sweden,SWE,2018,3.54,54589
Switzerland,CHE,2000,6.08,38952
Switzerland,CHE,2003,6.11,49470
Switzerland,CHE,2006,6.08,59301
Switzerland,CHE,2009,5.64,72083
Switzerland,CHE,2012,5.31,86548
Switzerland,CHE,2015,4.71,84776
Switzerland,CHE,2018,4.40,86430
Tajikistan,TJK,2000,0.35,138
Tajikistan,TJK,2003,0.33,238
Tajikistan,TJK,2006,0.39,409
Tajikistan,TJK,2009,0.32,676
Tajikistan,TJK,2012,0.38,969
Tajikistan,TJK,2015,0.56,978
Tajikistan,TJK,2018,0.81,853
Tanzania,TZA,2000,0.09,411
Tanzania,TZA,2003,0.10,431
Tanzania,TZA,2006,0.15,485
Tanzania,TZA,2009,0.14,695
Tanzania,TZA,2012,0.21,868
Tanzania,TZA,2015,0.23,948
Tanzania,TZA,2018,0.21,1043
Thailand,THA,2000,2.59,2008
Thailand,THA,2003,2.96,2359
Thailand,THA,2006,3.31,3370
Thailand,THA,2009,3.31,4213
Thailand,THA,2012,3.72,5861
Thailand,THA,2015,3.83,5840
Thailand,THA,2018,3.71,7297
Timor-Leste,TLS,2000,0.00,415
Timor-Leste,TLS,2003,0.18,518
Timor-Leste,TLS,2006,0.20,446
Timor-Leste,TLS,2009,0.21,677
Timor-Leste,TLS,2012,0.26,1013
Timor-Leste,TLS,2015,0.51,1333
Timor-Leste,TLS,2018,0.50,1230
Togo,TGO,2000,0.26,303
Togo,TGO,2003,0.34,397
Togo,TGO,2006,0.27,408
Togo,TGO,2009,0.45,541
Togo,TGO,2012,0.33,572
Togo,TGO,2015,0.25,571
Togo,TGO,2018,0.29,902
Trinidad and Tobago,TTO,2000,11.33,6435
Trinidad and Tobago,TTO,2003,11.94,8808
Trinidad and Tobago,TTO,2006,17.06,14103
Trinidad and Tobago,TTO,2009,15.28,14514
Trinidad and Tobago,TTO,2012,16.45,19157
Trinidad and Tobago,TTO,2015,15.51,18214
Trinidad and Tobago,TTO,2018,12.78,17038
Tunisia,TUN,2000,2.16,2212
Tunisia,TUN,2003,2.20,2760
Tunisia,TUN,2006,2.36,3370
Tunisia,TUN,2009,2.38,4128
Tunisia,TUN,2012,2.46,4153
Tunisia,TUN,2015,2.65,3862
Tunisia,TUN,2018,2.59,3439
Turkey,TUR,2000,3.43,4337
Turkey,TUR,2003,3.32,4760
Turkey,TUR,2006,3.80,8102
Turkey,TUR,2009,4.04,9103
Turkey,TUR,2012,4.41,11796
Turkey,TUR,2015,4.48,11006
Turkey,TUR,2018,5.02,9453
Turkmenistan,TKM,2000,8.16,643
Turkmenistan,TKM,2003,9.54,1284
Turkmenistan,TKM,2006,10.34,2136
Turkmenistan,TKM,2009,10.06,4036
Turkmenistan,TKM,2012,12.59,6675
Turkmenistan,TKM,2015,12.95,6433
Turkmenistan,TKM,2018,12.26,6967
Uganda,UGA,2000,0.06,262
Uganda,UGA,2003,0.06,254
Uganda,UGA,2006,0.09,349
Uganda,UGA,2009,0.11,797
Uganda,UGA,2012,0.11,787
Uganda,UGA,2015,0.13,844
Uganda,UGA,2018,0.14,770
Ukraine,UKR,2000,6.05,636
Ukraine,UKR,2003,6.91,1048
Ukraine,UKR,2006,6.50,2301
Ukraine,UKR,2009,5.48,2543
Ukraine,UKR,2012,6.08,3855
Ukraine,UKR,2015,4.23,2125
Ukraine,UKR,2018,4.15,3097
United Arab Emirates,ARE,2000,26.97,33291
United Arab Emirates,ARE,2003,27.89,33499
United Arab Emirates,ARE,2006,22.92,41907
United Arab Emirates,ARE,2009,19.85,32024
United Arab Emirates,ARE,2012,19.22,40976
United Arab Emirates,ARE,2015,20.95,38663
United Arab Emirates,ARE,2018,20.80,43839
United Kingdom,GBR,2000,9.00,28156
United Kingdom,GBR,2003,9.09,34384
United Kingdom,GBR,2006,8.90,44473
United Kingdom,GBR,2009,7.47,38737
United Kingdom,GBR,2012,7.33,42449
United Kingdom,GBR,2015,6.15,45039
United Kingdom,GBR,2018,5.40,42993
United States,USA,2000,20.47,36335
United States,USA,2003,19.51,39496
United States,USA,2006,18.96,46299
United States,USA,2009,16.82,47100
United States,USA,2012,15.77,51603
United States,USA,2015,15.54,56863
United States,USA,2018,15.24,63064
Uruguay,URY,2000,1.64,6875
Uruguay,URY,2003,1.35,3624
Uruguay,URY,2006,1.90,5888
Uruguay,URY,2009,2.29,9452
Uruguay,URY,2012,2.52,15172
Uruguay,URY,2015,1.93,15614
Uruguay,URY,2018,1.89,18704
Uzbekistan,UZB,2000,4.94,558
Uzbekistan,UZB,2003,4.63,396
Uzbekistan,UZB,2006,4.60,654
Uzbekistan,UZB,2009,4.12,1213
Uzbekistan,UZB,2012,3.74,2137
Uzbekistan,UZB,2015,3.24,2615
Uzbekistan,UZB,2018,3.40,1529
Vanuatu,VUT,2000,0.49,1471
Vanuatu,VUT,2003,0.45,1581
Vanuatu,VUT,2006,0.33,2050
Vanuatu,VUT,2009,0.56,2574
Vanuatu,VUT,2012,0.48,2997
Vanuatu,VUT,2015,0.52,2696
Vanuatu,VUT,2018,0.62,3125
Venezuela,VEN,2000,5.56,4842
Venezuela,VEN,2003,5.40,3273
Venezuela,VEN,2006,5.58,6833
Venezuela,VEN,2009,5.85,11765
Venezuela,VEN,2012,6.26,12986
Venezuela,VEN,2015,5.78,
Venezuela,VEN,2018,4.78,
Vietnam,VNM,2000,0.63,390
Vietnam,VNM,2003,0.86,481
Vietnam,VNM,2006,1.13,784
Vietnam,VNM,2009,1.51,1217
Vietnam,VNM,2012,1.64,1735
Vietnam,VNM,2015,2.26,2085
Vietnam,VNM,2018,2.70,2566
World,WLD,2000,3.81,5504
World,WLD,2003,3.96,6132
World,WLD,2006,4.28,7815
World,WLD,2009,4.28,8836
World,WLD,2012,4.58,10609
World,WLD,2015,4.49,10251
World,WLD,2018,4.48,11372
Yemen,YEM,2000,0.80,554
Yemen,YEM,2003,0.92,620
Yemen,YEM,2006,0.94,921
Yemen,YEM,2009,1.14,1116
Yemen,YEM,2012,0.80,1447
Yemen,YEM,2015,0.54,1602
Yemen,YEM,2018,0.33,824
Zambia,ZMB,2000,0.17,346
Zambia,ZMB,2003,0.19,435
Zambia,ZMB,2006,0.18,1048
Zambia,ZMB,2009,0.19,1160
Zambia,ZMB,2012,0.28,1763
Zambia,ZMB,2015,0.32,1338
Zambia,ZMB,2018,0.45,1516
Zimbabwe,ZWE,2000,1.15,563
Zimbabwe,ZWE,2003,0.85,478
Zimbabwe,ZWE,2006,0.81,448
Zimbabwe,ZWE,2009,0.62,772
Zimbabwe,ZWE,2012,0.92,1305
Zimbabwe,ZWE,2015,0.90,1445
Zimbabwe,ZWE,2018,0.85,1352
